[{"model": "admin.logentry", "pk": 21, "fields": {"action_time": "2022-03-28T12:54:43.455Z", "user": 2, "content_type": 4, "object_id": "1", "object_repr": "admin", "action_flag": 3, "change_message": ""}}, {"model": "admin.logentry", "pk": 22, "fields": {"action_time": "2022-03-28T16:28:23.803Z", "user": 2, "content_type": 8, "object_id": "3", "object_repr": "baileyl1991@gmail.com", "action_flag": 2, "change_message": "[{\"changed\": {\"fields\": [\"Verified\", \"Primary\"]}}]"}}, {"model": "admin.logentry", "pk": 23, "fields": {"action_time": "2022-03-28T16:28:29.072Z", "user": 2, "content_type": 8, "object_id": "2", "object_repr": "togig66040@jooffy.com", "action_flag": 2, "change_message": "[{\"changed\": {\"fields\": [\"Verified\", \"Primary\"]}}]"}}, {"model": "admin.logentry", "pk": 24, "fields": {"action_time": "2022-03-29T13:56:39.887Z", "user": 2, "content_type": 18, "object_id": "38", "object_repr": "baileyl1991@gmail.com", "action_flag": 3, "change_message": ""}}, {"model": "admin.logentry", "pk": 25, "fields": {"action_time": "2022-03-29T13:56:39.889Z", "user": 2, "content_type": 18, "object_id": "37", "object_repr": "baileyl1991@gmail.com", "action_flag": 3, "change_message": ""}}, {"model": "admin.logentry", "pk": 26, "fields": {"action_time": "2022-03-29T13:56:39.890Z", "user": 2, "content_type": 18, "object_id": "36", "object_repr": "baileyl1991@gmail.com", "action_flag": 3, "change_message": ""}}, {"model": "admin.logentry", "pk": 27, "fields": {"action_time": "2022-03-29T13:56:39.892Z", "user": 2, "content_type": 18, "object_id": "35", "object_repr": "baileyl1991@gmail.com", "action_flag": 3, "change_message": ""}}, {"model": "admin.logentry", "pk": 28, "fields": {"action_time": "2022-03-29T13:56:39.893Z", "user": 2, "content_type": 18, "object_id": "34", "object_repr": "baileyl1991@gmail.com", "action_flag": 3, "change_message": ""}}, {"model": "admin.logentry", "pk": 29, "fields": {"action_time": "2022-03-29T13:56:39.894Z", "user": 2, "content_type": 18, "object_id": "33", "object_repr": "baileyl1991@gmail.com", "action_flag": 3, "change_message": ""}}, {"model": "admin.logentry", "pk": 30, "fields": {"action_time": "2022-03-29T13:56:39.895Z", "user": 2, "content_type": 18, "object_id": "32", "object_repr": "baileyl1991@gmail.com", "action_flag": 3, "change_message": ""}}, {"model": "admin.logentry", "pk": 31, "fields": {"action_time": "2022-03-29T13:56:39.896Z", "user": 2, "content_type": 18, "object_id": "31", "object_repr": "baileyl1991@gmail.com", "action_flag": 3, "change_message": ""}}, {"model": "admin.logentry", "pk": 32, "fields": {"action_time": "2022-03-29T13:56:39.897Z", "user": 2, "content_type": 18, "object_id": "30", "object_repr": "baileyl1991@gmail.com", "action_flag": 3, "change_message": ""}}, {"model": "admin.logentry", "pk": 33, "fields": {"action_time": "2022-03-29T13:56:39.898Z", "user": 2, "content_type": 18, "object_id": "29", "object_repr": "baileyl1991@gmail.com", "action_flag": 3, "change_message": ""}}, {"model": "admin.logentry", "pk": 34, "fields": {"action_time": "2022-03-29T13:56:39.899Z", "user": 2, "content_type": 18, "object_id": "28", "object_repr": "baileyl1991@gmail.com", "action_flag": 3, "change_message": ""}}, {"model": "admin.logentry", "pk": 35, "fields": {"action_time": "2022-03-29T13:56:39.900Z", "user": 2, "content_type": 18, "object_id": "27", "object_repr": "baileyl1991@gmail.com", "action_flag": 3, "change_message": ""}}, {"model": "admin.logentry", "pk": 36, "fields": {"action_time": "2022-03-29T13:56:39.901Z", "user": 2, "content_type": 18, "object_id": "26", "object_repr": "baileyl1991@gmail.com", "action_flag": 3, "change_message": ""}}, {"model": "admin.logentry", "pk": 37, "fields": {"action_time": "2022-03-29T13:56:39.902Z", "user": 2, "content_type": 18, "object_id": "25", "object_repr": "baileyl1991@gmail.com", "action_flag": 3, "change_message": ""}}, {"model": "admin.logentry", "pk": 38, "fields": {"action_time": "2022-03-29T13:56:39.903Z", "user": 2, "content_type": 18, "object_id": "24", "object_repr": "baileyl1991@gmail.com", "action_flag": 3, "change_message": ""}}, {"model": "admin.logentry", "pk": 39, "fields": {"action_time": "2022-03-29T13:56:39.904Z", "user": 2, "content_type": 18, "object_id": "23", "object_repr": "baileyl1991@gmail.com", "action_flag": 3, "change_message": ""}}, {"model": "admin.logentry", "pk": 40, "fields": {"action_time": "2022-03-29T13:56:39.905Z", "user": 2, "content_type": 18, "object_id": "22", "object_repr": "baileyl1991@gmail.com", "action_flag": 3, "change_message": ""}}, {"model": "admin.logentry", "pk": 41, "fields": {"action_time": "2022-03-29T13:56:39.907Z", "user": 2, "content_type": 18, "object_id": "21", "object_repr": "baileyl1991@gmail.com", "action_flag": 3, "change_message": ""}}, {"model": "admin.logentry", "pk": 42, "fields": {"action_time": "2022-03-29T13:56:39.908Z", "user": 2, "content_type": 18, "object_id": "20", "object_repr": "baileyl1991@gmail.com", "action_flag": 3, "change_message": ""}}, {"model": "admin.logentry", "pk": 43, "fields": {"action_time": "2022-03-29T13:56:39.909Z", "user": 2, "content_type": 18, "object_id": "19", "object_repr": "baileyl1991@gmail.com", "action_flag": 3, "change_message": ""}}, {"model": "admin.logentry", "pk": 44, "fields": {"action_time": "2022-03-29T13:56:39.910Z", "user": 2, "content_type": 18, "object_id": "18", "object_repr": "baileyl1991@gmail.com", "action_flag": 3, "change_message": ""}}, {"model": "admin.logentry", "pk": 45, "fields": {"action_time": "2022-03-29T13:56:39.911Z", "user": 2, "content_type": 18, "object_id": "17", "object_repr": "baileyl1991@gmail.com", "action_flag": 3, "change_message": ""}}, {"model": "admin.logentry", "pk": 46, "fields": {"action_time": "2022-03-29T13:56:39.912Z", "user": 2, "content_type": 18, "object_id": "16", "object_repr": "baileyl1991@gmail.com", "action_flag": 3, "change_message": ""}}, {"model": "admin.logentry", "pk": 47, "fields": {"action_time": "2022-03-29T13:56:39.913Z", "user": 2, "content_type": 18, "object_id": "15", "object_repr": "baileyl1991@gmail.com", "action_flag": 3, "change_message": ""}}, {"model": "admin.logentry", "pk": 48, "fields": {"action_time": "2022-03-29T13:56:39.914Z", "user": 2, "content_type": 18, "object_id": "14", "object_repr": "baileyl1991@gmail.com", "action_flag": 3, "change_message": ""}}, {"model": "admin.logentry", "pk": 49, "fields": {"action_time": "2022-03-29T13:56:39.915Z", "user": 2, "content_type": 18, "object_id": "13", "object_repr": "baileyl1991@gmail.com", "action_flag": 3, "change_message": ""}}, {"model": "admin.logentry", "pk": 50, "fields": {"action_time": "2022-03-29T13:56:39.916Z", "user": 2, "content_type": 18, "object_id": "12", "object_repr": "baileyl1991@gmail.com", "action_flag": 3, "change_message": ""}}, {"model": "admin.logentry", "pk": 51, "fields": {"action_time": "2022-03-29T13:56:39.917Z", "user": 2, "content_type": 18, "object_id": "11", "object_repr": "baileyl1991@gmail.com", "action_flag": 3, "change_message": ""}}, {"model": "admin.logentry", "pk": 52, "fields": {"action_time": "2022-03-29T13:56:39.918Z", "user": 2, "content_type": 18, "object_id": "10", "object_repr": "baileyl1991@gmail.com", "action_flag": 3, "change_message": ""}}, {"model": "admin.logentry", "pk": 53, "fields": {"action_time": "2022-03-29T13:56:39.919Z", "user": 2, "content_type": 18, "object_id": "9", "object_repr": "baileyl1991@gmail.com", "action_flag": 3, "change_message": ""}}, {"model": "admin.logentry", "pk": 54, "fields": {"action_time": "2022-03-29T13:56:39.920Z", "user": 2, "content_type": 18, "object_id": "8", "object_repr": "baileyl1991@gmail.com", "action_flag": 3, "change_message": ""}}, {"model": "admin.logentry", "pk": 55, "fields": {"action_time": "2022-03-29T13:56:39.922Z", "user": 2, "content_type": 18, "object_id": "7", "object_repr": "baileyl1991@gmail.com", "action_flag": 3, "change_message": ""}}, {"model": "admin.logentry", "pk": 56, "fields": {"action_time": "2022-03-29T13:56:39.923Z", "user": 2, "content_type": 18, "object_id": "6", "object_repr": "baileyl1991@gmail.com", "action_flag": 3, "change_message": ""}}, {"model": "admin.logentry", "pk": 57, "fields": {"action_time": "2022-03-29T13:56:39.924Z", "user": 2, "content_type": 18, "object_id": "5", "object_repr": "baileyl1991@gmail.com", "action_flag": 3, "change_message": ""}}, {"model": "admin.logentry", "pk": 58, "fields": {"action_time": "2022-03-29T13:56:39.925Z", "user": 2, "content_type": 18, "object_id": "4", "object_repr": "baileyl1991@gmail.com", "action_flag": 3, "change_message": ""}}, {"model": "admin.logentry", "pk": 59, "fields": {"action_time": "2022-03-29T13:56:39.926Z", "user": 2, "content_type": 18, "object_id": "3", "object_repr": "baileyl1991@gmail.com", "action_flag": 3, "change_message": ""}}, {"model": "admin.logentry", "pk": 60, "fields": {"action_time": "2022-03-29T13:56:39.927Z", "user": 2, "content_type": 18, "object_id": "2", "object_repr": "baileyl1991@gmail.com", "action_flag": 3, "change_message": ""}}, {"model": "admin.logentry", "pk": 61, "fields": {"action_time": "2022-03-29T13:56:39.928Z", "user": 2, "content_type": 18, "object_id": "1", "object_repr": "baileyl1991@gmail.com", "action_flag": 3, "change_message": ""}}, {"model": "admin.logentry", "pk": 62, "fields": {"action_time": "2022-03-29T14:03:12.475Z", "user": 2, "content_type": 14, "object_id": "10", "object_repr": "Volkl Mantra Skis", "action_flag": 1, "change_message": "[{\"added\": {}}]"}}, {"model": "admin.logentry", "pk": 63, "fields": {"action_time": "2022-03-29T14:04:47.232Z", "user": 2, "content_type": 14, "object_id": "11", "object_repr": "Salomon S/Force Skis", "action_flag": 1, "change_message": "[{\"added\": {}}]"}}, {"model": "admin.logentry", "pk": 64, "fields": {"action_time": "2022-03-29T14:06:27.419Z", "user": 2, "content_type": 14, "object_id": "12", "object_repr": "Atomic Maverick Skis", "action_flag": 1, "change_message": "[{\"added\": {}}]"}}, {"model": "admin.logentry", "pk": 65, "fields": {"action_time": "2022-03-29T14:08:06.736Z", "user": 2, "content_type": 14, "object_id": "13", "object_repr": "Black Crows Captis Skis", "action_flag": 1, "change_message": "[{\"added\": {}}]"}}, {"model": "admin.logentry", "pk": 66, "fields": {"action_time": "2022-03-29T14:09:39.410Z", "user": 2, "content_type": 14, "object_id": "14", "object_repr": "Salomon S/Pro Ski Boots", "action_flag": 1, "change_message": "[{\"added\": {}}]"}}, {"model": "admin.logentry", "pk": 67, "fields": {"action_time": "2022-03-29T14:11:21.306Z", "user": 2, "content_type": 14, "object_id": "15", "object_repr": "Dalbello DS Asolo Ski Boot", "action_flag": 1, "change_message": "[{\"added\": {}}]"}}, {"model": "admin.logentry", "pk": 68, "fields": {"action_time": "2022-03-29T14:13:05.874Z", "user": 2, "content_type": 14, "object_id": "16", "object_repr": "Rossignol Alltrack Ski Boot", "action_flag": 1, "change_message": "[{\"added\": {}}]"}}, {"model": "admin.logentry", "pk": 69, "fields": {"action_time": "2022-03-29T14:14:54.152Z", "user": 2, "content_type": 14, "object_id": "17", "object_repr": "Tecnica Cochise 120 Ski Boot", "action_flag": 1, "change_message": "[{\"added\": {}}]"}}, {"model": "admin.logentry", "pk": 70, "fields": {"action_time": "2022-03-29T14:17:20.209Z", "user": 2, "content_type": 14, "object_id": "18", "object_repr": "Leki Spark Lite Ski Poles", "action_flag": 1, "change_message": "[{\"added\": {}}]"}}, {"model": "admin.logentry", "pk": 71, "fields": {"action_time": "2022-03-29T14:18:34.956Z", "user": 2, "content_type": 14, "object_id": "19", "object_repr": "Scott P-Lite Ski Poles", "action_flag": 1, "change_message": "[{\"added\": {}}]"}}, {"model": "admin.logentry", "pk": 72, "fields": {"action_time": "2022-03-29T14:20:08.381Z", "user": 2, "content_type": 14, "object_id": "20", "object_repr": "Leki Tour Stick Ski Pole", "action_flag": 1, "change_message": "[{\"added\": {}}]"}}, {"model": "admin.logentry", "pk": 73, "fields": {"action_time": "2022-03-29T14:21:13.909Z", "user": 2, "content_type": 14, "object_id": "21", "object_repr": "Scott Koko Ski Poles", "action_flag": 1, "change_message": "[{\"added\": {}}]"}}, {"model": "admin.logentry", "pk": 74, "fields": {"action_time": "2022-03-29T14:22:16.751Z", "user": 2, "content_type": 14, "object_id": "22", "object_repr": "Leki Stella Ski Poles", "action_flag": 1, "change_message": "[{\"added\": {}}]"}}, {"model": "admin.logentry", "pk": 75, "fields": {"action_time": "2022-03-29T14:24:03.081Z", "user": 2, "content_type": 14, "object_id": "23", "object_repr": "Spyder Titan GTX Jacket", "action_flag": 1, "change_message": "[{\"added\": {}}]"}}, {"model": "admin.logentry", "pk": 76, "fields": {"action_time": "2022-03-29T14:25:40.407Z", "user": 2, "content_type": 14, "object_id": "24", "object_repr": "Patagonia Snowshot Jacket", "action_flag": 1, "change_message": "[{\"added\": {}}]"}}, {"model": "admin.logentry", "pk": 77, "fields": {"action_time": "2022-03-29T14:27:11.738Z", "user": 2, "content_type": 14, "object_id": "25", "object_repr": "Helly Hansen Alpha 3.0 Jacket", "action_flag": 1, "change_message": "[{\"added\": {}}]"}}, {"model": "admin.logentry", "pk": 78, "fields": {"action_time": "2022-03-29T14:30:11.345Z", "user": 2, "content_type": 14, "object_id": "26", "object_repr": "Dakine Titan Mitt", "action_flag": 1, "change_message": "[{\"added\": {}}]"}}, {"model": "admin.logentry", "pk": 79, "fields": {"action_time": "2022-03-29T14:31:05.014Z", "user": 2, "content_type": 14, "object_id": "27", "object_repr": "Rab Vapour Rise Glove", "action_flag": 1, "change_message": "[{\"added\": {}}]"}}, {"model": "admin.logentry", "pk": 80, "fields": {"action_time": "2022-03-29T14:33:04.414Z", "user": 2, "content_type": 14, "object_id": "28", "object_repr": "Bolle Freeze Plus Goggle", "action_flag": 1, "change_message": "[{\"added\": {}}]"}}, {"model": "admin.logentry", "pk": 81, "fields": {"action_time": "2022-03-29T14:35:58.029Z", "user": 2, "content_type": 14, "object_id": "29", "object_repr": "Smith Skyline XL Goggles", "action_flag": 1, "change_message": "[{\"added\": {}}]"}}, {"model": "admin.logentry", "pk": 82, "fields": {"action_time": "2022-03-29T14:38:34.239Z", "user": 2, "content_type": 14, "object_id": "30", "object_repr": "KJUS Formula Pants", "action_flag": 1, "change_message": "[{\"added\": {}}]"}}, {"model": "admin.logentry", "pk": 83, "fields": {"action_time": "2022-03-29T14:39:51.850Z", "user": 2, "content_type": 14, "object_id": "31", "object_repr": "Protest Owens Pants", "action_flag": 1, "change_message": "[{\"added\": {}}]"}}, {"model": "admin.logentry", "pk": 84, "fields": {"action_time": "2022-03-29T14:41:11.453Z", "user": 2, "content_type": 14, "object_id": "32", "object_repr": "Patagonia Snowshot Pants", "action_flag": 1, "change_message": "[{\"added\": {}}]"}}, {"model": "admin.logentry", "pk": 85, "fields": {"action_time": "2022-03-29T14:42:33.611Z", "user": 2, "content_type": 14, "object_id": "33", "object_repr": "The North Face Chakal Pants", "action_flag": 1, "change_message": "[{\"added\": {}}]"}}, {"model": "admin.logentry", "pk": 86, "fields": {"action_time": "2022-03-29T14:42:57.306Z", "user": 2, "content_type": 14, "object_id": "9", "object_repr": "North Face Chakal Jacket", "action_flag": 2, "change_message": "[{\"changed\": {\"fields\": [\"Sku\"]}}]"}}, {"model": "admin.logentry", "pk": 87, "fields": {"action_time": "2022-03-29T14:46:26.391Z", "user": 2, "content_type": 14, "object_id": "27", "object_repr": "Rab Vapour Rise Glove", "action_flag": 2, "change_message": "[{\"changed\": {\"fields\": [\"Image\"]}}]"}}, {"model": "admin.logentry", "pk": 88, "fields": {"action_time": "2022-03-29T14:46:53.280Z", "user": 2, "content_type": 14, "object_id": "11", "object_repr": "Salomon S/Force Skis", "action_flag": 2, "change_message": "[{\"changed\": {\"fields\": [\"Image\"]}}]"}}, {"model": "admin.logentry", "pk": 89, "fields": {"action_time": "2022-03-29T17:44:48.894Z", "user": 2, "content_type": 18, "object_id": "39", "object_repr": "baileyl1991@gmail.com", "action_flag": 3, "change_message": ""}}, {"model": "auth.user", "pk": 2, "fields": {"password": "pbkdf2_sha256$260000$qTdorLsGSbVDu5A51jtwHF$qIl6tlon5ywZXRQlPtyZM/2V6Mo+dSbP9ZJfsM6v8nk=", "last_login": "2022-03-29T17:44:32.155Z", "is_superuser": true, "username": "admin1234", "first_name": "", "last_name": "", "email": "baileyl1991@gmail.com", "is_staff": true, "is_active": true, "date_joined": "2022-03-28T12:52:49.891Z", "groups": [], "user_permissions": []}}, {"model": "auth.user", "pk": 3, "fields": {"password": "pbkdf2_sha256$260000$dWyXOzuOZgo8ojMgf9XayO$SPKUfMWicQo5itCGdDQEXk5cHNt5/qXc8JWBRMLnOQk=", "last_login": "2022-03-29T10:10:42.862Z", "is_superuser": false, "username": "test", "first_name": "", "last_name": "", "email": "togig66040@jooffy.com", "is_staff": false, "is_active": true, "date_joined": "2022-03-28T12:57:24.450Z", "groups": [], "user_permissions": []}}, {"model": "sessions.session", "pk": "46zq534lbtfqtc6b8zpv5mhz9ya2pqiw", "fields": {"session_data": "eyJiYXNrZXQiOnt9fQ:1nYBpc:yGumQBBhjNZEQG45ffmdC8Pu8wqPrvoqULXz64K-p5s", "expire_date": "2022-04-09T19:12:12.270Z"}}, {"model": "sessions.session", "pk": "6ico8dy16i6qch56bukrjws77t9p0j9f", "fields": {"session_data": "eyJiYXNrZXQiOnsiNSI6eyJpdGVtc19ieV9zaXplIjp7Im0iOjF9fX19:1nYCCQ:P2Q3TP1o7C4UPM-PVFJaIWgYDWdZxUd1X_PCEOhsfwk", "expire_date": "2022-04-09T19:35:46.189Z"}}, {"model": "sessions.session", "pk": "6xwiqm5br1ye9u5eh8wnrpa6ydio8lss", "fields": {"session_data": "e30:1nYohw:B4-ayX__KLGiZNVsPSijSPG5duB-J7o3loLu6sd5bcM", "expire_date": "2022-04-11T12:42:52.128Z"}}, {"model": "sessions.session", "pk": "ge98qhpe9hnnwmh90j47lza4jk6rzhx2", "fields": {"session_data": "e30:1nYBqJ:KlFXeetft0zP2Wt5uv32yeHsd57FQQ6akEVDV4XvcQc", "expire_date": "2022-04-09T19:12:55.493Z"}}, {"model": "sessions.session", "pk": "lck9ty1q8y5gvklxqbh2t09vk770xevo", "fields": {"session_data": "e30:1nYCGx:gHoZf7FVuzIDuGs3kZl2LoXTjWeYXtKQ1zHExOk2FQw", "expire_date": "2022-04-09T19:40:27.900Z"}}, {"model": "sites.site", "pk": 1, "fields": {"domain": "skishop.example.com", "name": "Ski Shop"}}, {"model": "account.emailaddress", "pk": 2, "fields": {"user": 3, "email": "togig66040@jooffy.com", "verified": true, "primary": false}}, {"model": "account.emailaddress", "pk": 3, "fields": {"user": 2, "email": "baileyl1991@gmail.com", "verified": true, "primary": true}}, {"model": "products.category", "pk": 1, "fields": {"name": "skis", "friendly_name": "Skis"}}, {"model": "products.category", "pk": 2, "fields": {"name": "ski_boots", "friendly_name": "Ski Boots"}}, {"model": "products.category", "pk": 3, "fields": {"name": "ski_poles", "friendly_name": "Ski Poles"}}, {"model": "products.category", "pk": 4, "fields": {"name": "jacket", "friendly_name": "Jackets"}}, {"model": "products.category", "pk": 5, "fields": {"name": "pants", "friendly_name": "Pants"}}, {"model": "products.category", "pk": 6, "fields": {"name": "goggles", "friendly_name": "Goggles"}}, {"model": "products.category", "pk": 7, "fields": {"name": "gloves", "friendly_name": "Gloves"}}, {"model": "products.product", "pk": 1, "fields": {"category": 6, "sku": "YW8T0R", "name": "Oakley Flight Deck Goggles", "description": "Oakley's new Prizm Flight Deck Goggle was inspired by fighter pilot visors. The frame size has been altered to increase your peripheral and downward vision on the slopes, allowing you to spot obstacles easier. Enhance visibility thanks to Prizm technology, which controls contrast and light transmission through the lens. With a lighter mass and rimless frame, these goggles have a higher range of helmet compatibility and a clean-cut style so that you can ride with confidence.", "price": "175.00", "has_sizes": false, "has_ski_sizes": false, "has_boots_sizes": false, "image_url": "https://productimage001.snowandrock.com/productimages/550x825/i11126977050.jpg", "image": "Oakley_Flight_Deck_Goggles.jpeg"}}, {"model": "products.product", "pk": 3, "fields": {"category": 5, "sku": "9WMCKM", "name": "Helly Hanson Alpha Lifaloft Pant", "description": "The Alpha Lifaloft Pant features a 2-layer Helly Tech Professional membrane to keep you dry during long days on the mountain, with Lifaloft insulation for extra warmth without the bulk. If you are beginning to overheat, the pants have outer thigh ventilation zippers to allow warm air to escape. The pants are fully adjustable for optimal fit and feature boot gaiters with silicone grips for comfort.", "price": "260.00", "has_sizes": true, "has_ski_sizes": false, "has_boots_sizes": false, "image_url": "https://productimage001.snowandrock.com/productimages/989x1484/h12143532828m.jpg", "image": "Helly_Hanson_Alpha_Lifaloft_Pant.jpeg"}}, {"model": "products.product", "pk": 4, "fields": {"category": 4, "sku": "F20FJF", "name": "Columbia Aerial Jacket", "description": "Made from our durable 100% polyester the Aerial Ascender Jacket is packed with powerful technologies that keep you warm, dry, and protected in cold stormy conditions. Its Omni-Heat Infinity technology features an expanded thermal-reflective pattern that retains more body heat without sacrificing breathability. Mountain-ready details include a ski pass, goggle pockets, and an adjustable powder skirt.", "price": "200.00", "has_sizes": false, "has_ski_sizes": false, "has_boots_sizes": false, "image_url": "https://productimage001.snowandrock.com/productimages/550x825/h11145623041m.jpg", "image": "Columbia_Aerial_Jacket.jpeg"}}, {"model": "products.product", "pk": 7, "fields": {"category": 1, "sku": "33EEJJ", "name": "Rossignol Experience 84 Ski", "description": "Play any terrain and make every day another best day. The Experience 84 AI is the ideal all-mountain ski whether carving perfect groomers or exploring mixed snow and terrain. The race-developed construction and Air Tip VAS reduce vibration for increased snow contact and line control, while the freeride-inspired profile allows you to drift and release turns with ease.\r\n\r\nAn All-Terrain Rocker delivers hard snow precision and soft snow playfulness for the freedom to excel in all snow conditions. Rossignol's patented Line Control Technology eliminates counter-flexing for fluid stability in all conditions while the Air Tip VAS lightens swing weight and absorbs initial impacts, delivering contact and control. A progressive sidecut creates the perfect shape for a playful, fluid feel that drifts, smears and carves through all terrain and snow. The HD Core AI includes ABS for balanced dampening, liveliness, and increased stability in mixed snow and terrain.", "price": "339.00", "has_sizes": false, "has_ski_sizes": true, "has_boots_sizes": false, "image_url": "https://productimage001.snowandrock.com/productimages/550x825/j13242084050m.jpg", "image": "Rossignol_Experience_84_Ski.jpeg"}}, {"model": "products.product", "pk": 8, "fields": {"category": 2, "sku": "SPY8XX", "name": "Atomic Hawx Ultra Ski Boot", "description": "The Atomic Hawx Ultra 110 S GW is a lightweight, narrow-fit alpine boot for all-mountain skiers with a medium build. One of the lightest alpine ski boots available, it’s constructed with next-generation Prolite Technology to create a super lightweight and strong boot that is 25% more stable than previous models to deliver supremely agile and powerful skiing.", "price": "380.00", "has_sizes": false, "has_ski_sizes": false, "has_boots_sizes": true, "image_url": "https://productimage001.snowandrock.com/productimages/989x1484/j11141833030a.jpg", "image": "Atomic_Hawx_Ultra_Ski_Boot.jpeg"}}, {"model": "products.product", "pk": 9, "fields": {"category": 4, "sku": "5DPRIN", "name": "North Face Chakal Jacket", "description": "The Chakal Jacket from The North Face is back for another season, now made using recycled materials. Its stretch fabric adds an extra fluidity to your movement down the mountain and is fully waterproof, windproof, and breathable thanks to the DryVent fabric technology with warm PrimaLoft Black insulation.\r\n\r\nThe North Face Chakal Jacket has a useful range of features, including zippered vents under the arms to prevent over-heating, an internal phone pocket with headphone compatibility, a fully adjustable zip-off ski helmet-compatible hood, and a wrist pocket with an attached goggle wipe.", "price": "240.00", "has_sizes": true, "has_ski_sizes": false, "has_boots_sizes": false, "image_url": "https://productimage001.snowandrock.com/productimages/550x825/h11146094042m.jpg", "image": "Northd_Face_Chakal.jpeg"}}, {"model": "products.product", "pk": 10, "fields": {"category": 1, "sku": "UZH5FX", "name": "Volkl Mantra Skis", "description": "The new handling characteristics of the Mantra M6 are also enhanced by the tailored carbon tip. The dedicated positioning of the carbon fibers results in a precise tip response and vastly improves the ski’s torsional stiffness.", "price": "660.00", "has_sizes": false, "has_ski_sizes": true, "has_boots_sizes": false, "image_url": "https://productimage001.snowandrock.com/productimages/550x825/j13342192626a.jpg", "image": "Volkl_Mantra.jpeg"}}, {"model": "products.product", "pk": 11, "fields": {"category": 1, "sku": "OX1W6L", "name": "Salomon S/Force Skis", "description": "The perfect choice for daring skiers always looking to carve their own line, this ski has the perfect underfoot width for crushing your way through any snow conditions. It combines a modern design and high-performing technologies, so you can enjoy your days on the slopes with plenty of confidence and style.", "price": "530.00", "has_sizes": false, "has_ski_sizes": true, "has_boots_sizes": false, "image_url": "https://productimage001.snowandrock.com/productimages/550x825/j13143847030a.jpg", "image": "Salomon_SForce_DXk1wSp.jpeg"}}, {"model": "products.product", "pk": 12, "fields": {"category": 1, "sku": "6G7KAD", "name": "Atomic Maverick Skis", "description": "Atomic Maverick 88 TI received high marks in all terrain and in every condition. Flow Profile blends the perfect amount of rocker and camber for optimal effective edge contact during the length of the turn. Strong and smooth, OMatic Construction combines only the essential materials; wood, fiberglass, and Titanal, for an exact and relaxed all-mountain ski. Groomers, steeps, trees, bumps, you name it; with the Maverick 88 TI the entire mountain becomes yours.", "price": "525.00", "has_sizes": false, "has_ski_sizes": true, "has_boots_sizes": false, "image_url": "https://productimage001.snowandrock.com/productimages/550x825/j13242350202m.jpg", "image": "Atomic_Maverick.jpeg"}}, {"model": "products.product", "pk": 13, "fields": {"category": 1, "sku": "1RTZUZ", "name": "Black Crows Captis Skis", "description": "Medium width, rapid and vivacious; the Captis is ideal for resort skiing. A relatively narrow ski the Captis is very responsive and has quick edge-to-edge transition. The Captis is very tolerant and nice to ski. The best of wild skis to ride and drop.", "price": "410.00", "has_sizes": false, "has_ski_sizes": true, "has_boots_sizes": false, "image_url": "https://productimage001.snowandrock.com/productimages/550x825/j13242417052a.jpg", "image": "Blac_Crows_Captis.jpeg"}}, {"model": "products.product", "pk": 14, "fields": {"category": 2, "sku": "BSMB2Z", "name": "Salomon S/Pro Ski Boots", "description": "Built for skiers looking for all-day comfort and uncompromised performance, this boot combines easy step-in, a seamless liner, and full customization possibilities, so you can experience unmatched fit while chasing that perfect turn. It’s Gripwalk premounted to offer you more safety grip and increased walking comfort.", "price": "320.00", "has_sizes": false, "has_ski_sizes": false, "has_boots_sizes": true, "image_url": "https://productimage001.snowandrock.com/productimages/550x825/j11141781170s.jpg", "image": "Salomon_SPro.jpeg"}}, {"model": "products.product", "pk": 15, "fields": {"category": 2, "sku": "RYF2QB", "name": "Dalbello DS Asolo Ski Boot", "description": "DS Asolo can be fastened more easily and precisely than ever. An optimum fit, direct power transfer, and precise performance ensue. GripWalk soles fitted as standard make walking easier and significantly reduce the risk of slipping.", "price": "480.00", "has_sizes": false, "has_ski_sizes": false, "has_boots_sizes": true, "image_url": "https://productimage001.snowandrock.com/productimages/550x825/j11141614141m.jpg", "image": "Dalbello_DS_Asolo.jpeg"}}, {"model": "products.product", "pk": 16, "fields": {"category": 2, "sku": "NXP8KU", "name": "Rossignol Alltrack Ski Boot", "description": "Inbounds powder laps or exploring the back bowls, the Alltrack Pro 100 is designed to ski the whole mountain. A releasable cuff offers a natural range of motion for hiking and a 100mm last balances comfort and control. The Generative Design Grid shell is engineered for reduced weight and full power transmission in all conditions and terrain. The full custom liner is thermo-moldable for a precise fit.", "price": "285.00", "has_sizes": false, "has_ski_sizes": false, "has_boots_sizes": true, "image_url": "https://productimage001.snowandrock.com/productimages/550x825/j11141357070m.jpg", "image": "Rossignol_Alltrack.jpeg"}}, {"model": "products.product", "pk": 17, "fields": {"category": 2, "sku": "2L7W7L", "name": "Tecnica Cochise 120 Ski Boot", "description": "The ultimate one-quiver hybrid boot, the Cochise 120 DYN with Grip Walk boasts all of the performance of the 130, with a slightly softer flex. The polyether Power Light Design shell is 30 percent thinner and more than twice as stiff as conventional boot materials, allowing you to go faster, higher, and farther with less effort.", "price": "329.00", "has_sizes": false, "has_ski_sizes": false, "has_boots_sizes": true, "image_url": "https://productimage001.snowandrock.com/productimages/550x825/j11141737171.jpg", "image": "Tecnica_Cochise.jpeg"}}, {"model": "products.product", "pk": 18, "fields": {"category": 3, "sku": "8KFEL7", "name": "Leki Spark Lite Ski Poles", "description": "This high-end Alpine pole is an all-rounder and so perfect for beginners. Whether you're carving or making sharp turns: the Spark Lite S has what you need.", "price": "70.00", "has_sizes": false, "has_ski_sizes": false, "has_boots_sizes": false, "image_url": "https://productimage001.snowandrock.com/productimages/550x825/j16142101020.jpg", "image": "Leki_Spark_Lite.jpeg"}}, {"model": "products.product", "pk": 19, "fields": {"category": 3, "sku": "9AXPPW", "name": "Scott P-Lite Ski Poles", "description": "The Scott 540 has a stable 18mm S3 aluminum shaft combined with a unique design and a 3.6 disc basket.", "price": "27.00", "has_sizes": false, "has_ski_sizes": false, "has_boots_sizes": false, "image_url": "https://productimage001.snowandrock.com/productimages/550x825/j16142382626.jpg", "image": "Scott_P-Lite.jpeg"}}, {"model": "products.product", "pk": 20, "fields": {"category": 3, "sku": "V3O3NU", "name": "Leki Tour Stick Ski Pole", "description": "Tour Stick Vario Carbon Pole from Leki is one of the most versatile all-purpose weapons since ski poles existed. When not in use, the folding pole with a pack size of 42 cm fits in any rucksack", "price": "175.00", "has_sizes": false, "has_ski_sizes": false, "has_boots_sizes": false, "image_url": "https://productimage001.snowandrock.com/productimages/550x825/j16142245010.jpg", "image": "Leki_Tour_Stick.jpeg"}}, {"model": "products.product", "pk": 21, "fields": {"category": 3, "sku": "OJUYZS", "name": "Scott Koko Ski Poles", "description": "The Koko Ski Pole has a fresh and exceptional design. Grab them and go ski.", "price": "27.00", "has_sizes": false, "has_ski_sizes": false, "has_boots_sizes": false, "image_url": "https://productimage001.snowandrock.com/productimages/550x825/j17100211070.jpg", "image": "Scott_Koko.jpeg"}}, {"model": "products.product", "pk": 22, "fields": {"category": 3, "sku": "NA1UF5", "name": "Leki Stella Ski Poles", "description": "The handle and soft pole strap are formed for the anatomic characteristics of women's more slender hands. The thermal material helps keep your fingers warm, even in very low temperatures.", "price": "82.95", "has_sizes": false, "has_ski_sizes": false, "has_boots_sizes": false, "image_url": "https://productimage001.snowandrock.com/productimages/550x825/j17100201070.jpg", "image": "Leki_Stella.jpeg"}}, {"model": "products.product", "pk": 23, "fields": {"category": 4, "sku": "J5EQC5", "name": "Spyder Titan GTX Jacket", "description": "Featuring the stretch of GORE_TEX, water resistances of PFC-free DWR, and warmth of 80g PrimaLoft Silver insulation, the Titan is a worker on the racecourse and a show stopper on the podium. Fully loaded performance features include a fully adjustable hood, chassis, and cuffs, watertight zips and seams, underarm ventilation, internal pockets for essentials like a data card and goggle chamois.", "price": "392.00", "has_sizes": true, "has_ski_sizes": false, "has_boots_sizes": false, "image_url": "https://productimage001.snowandrock.com/productimages/550x825/h11145237130m.jpg", "image": "Spyder_Titan.jpeg"}}, {"model": "products.product", "pk": 24, "fields": {"category": 4, "sku": "G4P8K2", "name": "Patagonia Snowshot Jacket", "description": "Fully featured for versatility and focused on mobility, the Snowshot Jacket from Patagonia has an H2No Performance Standard 2-layer shell for waterproof/breathable and windproof protection, an articulated fit for freedom of movement, and a smooth mesh liner for comfort and easy layering.", "price": "208.00", "has_sizes": true, "has_ski_sizes": false, "has_boots_sizes": false, "image_url": "https://productimage001.snowandrock.com/productimages/550x825/h11144984243e.jpg", "image": "Patagonia_Snowshot.jpeg"}}, {"model": "products.product", "pk": 25, "fields": {"category": 4, "sku": "FV5OTF", "name": "Helly Hansen Alpha 3.0 Jacket", "description": "Helly Hansen's best-selling premium iconic resort ski jacket has become even better. A new masculine sign-off incorporates clean design lines with cutting-edge technologies. Our new Life Pocket which is integrated into the chest will preserve the battery life span of your mobile longer in a cold environment to allow you to keep track of work and staying updated on social media. You will not fall short of technical highlights on this jacket with a light 4 way highly breathable, waterproof,  stretch Helly Tech Professional outer fabric and a brim with hi-viz fabric to unfold when the slopes are crowded to keep you visible for fellow skiers.", "price": "400.00", "has_sizes": true, "has_ski_sizes": false, "has_boots_sizes": false, "image_url": "https://productimage001.snowandrock.com/productimages/550x825/h1114093_4444_a.jpg", "image": "Helly_Hanson_Alpha.jpeg"}}, {"model": "products.product", "pk": 26, "fields": {"category": 7, "sku": "EUII46", "name": "Dakine Titan Mitt", "description": "The durable leather palms manage buckles and poles with reliable dexterity, and a small stash pocket secures spending money or a heat pack on extra cold days. Removable liner gloves are made of soft fleece and are touchscreen-compatible.", "price": "74.99", "has_sizes": false, "has_ski_sizes": false, "has_boots_sizes": false, "image_url": "https://productimage001.snowandrock.com/productimages/550x825/h22143057272.jpg", "image": "Dakine_Titan_Mitt.jpeg"}}, {"model": "products.product", "pk": 27, "fields": {"category": 7, "sku": "2GLAXN", "name": "Rab Vapour Rise Glove", "description": "Dextrous, lightweight and designed for active mountain use, the Vapour-rise Glove is made using a highly breathable and fast-drying Matrix fabric, making it ideal for long or intense climbs.", "price": "40.00", "has_sizes": false, "has_ski_sizes": false, "has_boots_sizes": false, "image_url": "https://productimage001.snowandrock.com/productimages/550x825/a32157693030.jpg", "image": "Rab_Vapour.jpeg"}}, {"model": "products.product", "pk": 28, "fields": {"category": 6, "sku": "0FIXO6", "name": "Bolle Freeze Plus Goggle", "description": "Enjoy your day out in the mountains with Freeze Plus, an Anti-Fog and Anti-Scratch goggle perfect for everyday sessions.", "price": "45.00", "has_sizes": false, "has_ski_sizes": false, "has_boots_sizes": false, "image_url": "https://productimage001.snowandrock.com/productimages/550x825/i11142057015.jpg", "image": "Boelle_Freeze.jpeg"}}, {"model": "products.product", "pk": 29, "fields": {"category": 6, "sku": "9EEXAW", "name": "Smith Skyline XL Goggles", "description": "Smith has expanded their sights to the furthest horizon with the all-new Skyline XL. The benefit of an expanded field of view, OTG compatibility, plus ChromaPop lens technology with the ability to enhance detail and amplify the thrill. Pursue your most remote boundary; no one’s going to stop you.", "price": "110.00", "has_sizes": false, "has_ski_sizes": false, "has_boots_sizes": false, "image_url": "https://productimage001.snowandrock.com/productimages/550x825/i11141642070m.jpg", "image": "Smith_Skyline.jpeg"}}, {"model": "products.product", "pk": 30, "fields": {"category": 5, "sku": "0ECDLB", "name": "KJUS Formula Pants", "description": "Whether schussing down groomed trails or tearing through glades, these Kjus Men’s Formula ski pants shadow your every move. Their timeless masculine cut fits like a dream and they offer ultimate freedom of movement thanks to the 3D technology, four-way-stretch fabrics, and lightweight Kjus Fast Thermo Core insulation to trap hot air and wick moisture. The Formula features thorough 20000mm waterproofing, DWR treatment, stretch fabric, waistband adjustment with Velcro for a perfect fit, and articulated knees to ensure great freedom of movement.", "price": "325.00", "has_sizes": true, "has_ski_sizes": false, "has_boots_sizes": false, "image_url": "https://productimage001.snowandrock.com/productimages/550x825/h12143332121m.jpg", "image": "KJUS_Formula.jpeg"}}, {"model": "products.product", "pk": 31, "fields": {"category": 5, "sku": "INWHDK", "name": "Protest Owens Pants", "description": "Introducing the awesome regular fit Owens ski and snowboard trousers by Protest. To make long glorious days on the slopes, you need to stay warm and dry. These fantastic trousers have 10K water resistance and 10g breathability. This basically means that while no water is getting in from the outside, moisture that builds upon the inside of the trousers is allowed to escape through the fabric.", "price": "79.99", "has_sizes": true, "has_ski_sizes": false, "has_boots_sizes": false, "image_url": "https://productimage001.snowandrock.com/productimages/550x825/h12142987676.jpg", "image": "Protest_Owens.jpeg"}}, {"model": "products.product", "pk": 32, "fields": {"category": 5, "sku": "3ESI2K", "name": "Patagonia Snowshot Pants", "description": "Patagonia’s motion-friendly Snowshot Pants have been expertly designed for superior comfort, versatility, and mobility, providing uncompromised breathable waterproof and windproof protection for the season-long ride.", "price": "170.00", "has_sizes": true, "has_ski_sizes": false, "has_boots_sizes": false, "image_url": "https://productimage001.snowandrock.com/productimages/550x825/h12142964343.jpg", "image": "Patagonia_Snowshot_Pants.jpeg"}}, {"model": "products.product", "pk": 33, "fields": {"category": 5, "sku": "HE4TRR", "name": "The North Face Chakal Pants", "description": "The Chakal Pants from The North Face is an insulated, two-way stretch ski pant that has an updated fit and keeps you stylish and warm while providing unrestricted mobility to boot. The breathable lightweight fabrics help regulate body temperature and keep you comfortable. The Heatseeker™ insulation provides extra warmth as you carve your way down.", "price": "110.00", "has_sizes": true, "has_ski_sizes": false, "has_boots_sizes": false, "image_url": "https://productimage001.snowandrock.com/productimages/550x825/h12141654444a.jpg", "image": "North_Face_Chakal_Pants.jpeg"}}, {"model": "checkout.order", "pk": 1, "fields": {"order_number": "80E45E9E0DA14D00821F7B9759CD5292", "user_profile": null, "full_name": "Luke Bailey", "email": "baileyl1991@gmail.com", "phone_number": "07981130867", "country": "United Kingdom", "postcode": "CF37 2TW", "town_or_city": "Pontypridd", "street_address1": "Flat 23, Pavia Court", "street_address2": "Pavia Court", "date": "2022-03-26T13:09:38.873Z", "delivery_cost": "0.00", "order_total": "339.00", "grand_total": "339.00", "original_basket": "", "stripe_pid": ""}}, {"model": "checkout.order", "pk": 2, "fields": {"order_number": "42B91D9047E84E8784A87084F60B6D61", "user_profile": null, "full_name": "Luke Bailey", "email": "baileyl1991@gmail.com", "phone_number": "07981130867", "country": "United Kingdom", "postcode": "CF37 2TW", "town_or_city": "Pontypridd", "street_address1": "Flat 23, Pavia Court", "street_address2": "Pavia Court", "date": "2022-03-26T13:12:52.235Z", "delivery_cost": "0.00", "order_total": "339.00", "grand_total": "339.00", "original_basket": "", "stripe_pid": ""}}, {"model": "checkout.order", "pk": 3, "fields": {"order_number": "FA64182854B3481D88F65D00DD22B821", "user_profile": null, "full_name": "Luke Bailey", "email": "baileyl1991@gmail.com", "phone_number": "07981130867", "country": "United Kingdom", "postcode": "CF37 2TW", "town_or_city": "Pontypridd", "street_address1": "Flat 23, Pavia Court", "street_address2": "Pavia Court", "date": "2022-03-26T13:30:30.323Z", "delivery_cost": "0.00", "order_total": "260.00", "grand_total": "260.00", "original_basket": "", "stripe_pid": ""}}, {"model": "checkout.order", "pk": 4, "fields": {"order_number": "BDFFAEC3A87849D88DD16C7A5DFA7043", "user_profile": null, "full_name": "Luke Bailey", "email": "baileyl1991@gmail.com", "phone_number": "07981130867", "country": "United Kingdom", "postcode": "CF37 2TW", "town_or_city": "Pontypridd", "street_address1": "Flat 23, Pavia Court", "street_address2": "Pavia Court", "date": "2022-03-26T16:40:39.113Z", "delivery_cost": "0.00", "order_total": "200.00", "grand_total": "200.00", "original_basket": "{\"4\": 1}", "stripe_pid": "pi_3KhcedCPqKgZFUjK0vzntzxf"}}, {"model": "checkout.order", "pk": 5, "fields": {"order_number": "2E12D3A8264146429C9F3DA9A7E39F44", "user_profile": null, "full_name": "Luke Bailey", "email": "baileyl1991@gmail.com", "phone_number": "07981130867", "country": "GB", "postcode": "CF37 2TW", "town_or_city": "Pontypridd", "street_address1": "Flat 23, Pavia Court", "street_address2": "Pavia Court", "date": "2022-03-29T09:49:32.669Z", "delivery_cost": "0.00", "order_total": "260.00", "grand_total": "260.00", "original_basket": "{\"3\": {\"items_by_size\": {\"m\": 1}}}", "stripe_pid": "pi_3KibfXCPqKgZFUjK0VrAZzc3"}}, {"model": "checkout.order", "pk": 6, "fields": {"order_number": "D771DAD83D0348C4AC483AE638439683", "user_profile": 2, "full_name": "test", "email": "togig66040@jooffy.com", "phone_number": "4637493502", "country": "GB", "postcode": "CF10 5SD", "town_or_city": "Cardiff", "street_address1": "The St. Davids Hotel", "street_address2": "Havannah Street", "date": "2022-03-29T09:57:55.809Z", "delivery_cost": "0.00", "order_total": "260.00", "grand_total": "260.00", "original_basket": "{\"3\": {\"items_by_size\": {\"m\": 1}}}", "stripe_pid": "pi_3KibnUCPqKgZFUjK1HAyfrWp"}}, {"model": "checkout.order", "pk": 7, "fields": {"order_number": "384874432E9E4BCDA4108C8D4F22D49C", "user_profile": 2, "full_name": "defwef", "email": "togig66040@jooffy.com", "phone_number": "4637493502", "country": "GB", "postcode": "CF10 5SD", "town_or_city": "Cardiff", "street_address1": "The St. Davids Hotel", "street_address2": "Havannah Street", "date": "2022-03-29T10:00:44.261Z", "delivery_cost": "0.00", "order_total": "339.00", "grand_total": "339.00", "original_basket": "{\"7\": {\"items_by_size\": {\"168cm\": 1}}}", "stripe_pid": "pi_3KibqXCPqKgZFUjK0K5gg3ol"}}, {"model": "checkout.order", "pk": 8, "fields": {"order_number": "417C38D54711481EAB7F023B441C0868", "user_profile": 2, "full_name": "test", "email": "togig66040@jooffy.com", "phone_number": "4637493502", "country": "GB", "postcode": "CF10 5SD", "town_or_city": "Cardiff", "street_address1": "The St. Davids Hotel", "street_address2": "Havannah Street", "date": "2022-03-29T10:02:44.823Z", "delivery_cost": "0.00", "order_total": "175.00", "grand_total": "175.00", "original_basket": "{\"1\": 1}", "stripe_pid": "pi_3KibscCPqKgZFUjK0uyoU7ax"}}, {"model": "checkout.orderlineitem", "pk": 1, "fields": {"order": 1, "product": 7, "product_size": "m", "quantity": 1, "lineitem_total": "339.00"}}, {"model": "checkout.orderlineitem", "pk": 3, "fields": {"order": 2, "product": 7, "product_size": "m", "quantity": 1, "lineitem_total": "339.00"}}, {"model": "checkout.orderlineitem", "pk": 4, "fields": {"order": 3, "product": 3, "product_size": "m", "quantity": 1, "lineitem_total": "260.00"}}, {"model": "checkout.orderlineitem", "pk": 5, "fields": {"order": 4, "product": 4, "product_size": null, "quantity": 1, "lineitem_total": "200.00"}}, {"model": "checkout.orderlineitem", "pk": 6, "fields": {"order": 5, "product": 3, "product_size": "m", "quantity": 1, "lineitem_total": "260.00"}}, {"model": "checkout.orderlineitem", "pk": 7, "fields": {"order": 6, "product": 3, "product_size": "m", "quantity": 1, "lineitem_total": "260.00"}}, {"model": "checkout.orderlineitem", "pk": 8, "fields": {"order": 7, "product": 7, "product_size": "168cm", "quantity": 1, "lineitem_total": "339.00"}}, {"model": "checkout.orderlineitem", "pk": 9, "fields": {"order": 8, "product": 1, "product_size": null, "quantity": 1, "lineitem_total": "175.00"}}, {"model": "profiles.userprofile", "pk": 1, "fields": {"user": 2, "default_phone_number": null, "default_street_address1": null, "default_street_address2": null, "default_town_or_city": null, "default_postcode": null, "default_country": null}}, {"model": "profiles.userprofile", "pk": 2, "fields": {"user": 3, "default_phone_number": "4637493502", "default_street_address1": "The St. Davids Hotel", "default_street_address2": "Havannah Street", "default_town_or_city": "Cardiff", "default_postcode": "CF10 5SD", "default_country": "GB"}}]